사건번호,법원,아파트명,동,호수,층,전용평,대지평,감정가억,최저가억,낙찰가억,낙찰가율,입찰자수,유찰횟수,매각일,조회수,특수조건,재건축,소형여부,구
2025-13581,북부,상계주공206동,206,1104,11,17.55,13.15,6.23,6.23,6.58,106,8,0,2026-06-16,261,없음,Y,Y,노원
2025-13817,북부,하계벽산11동,11,107,1,17.46,8.28,5.38,5.38,5.92,110,3,0,2026-06-16,141,없음,Y,Y,노원
2025-12661,북부,중계동건영101동,101,604,6,18.13,5.51,4.30,4.30,4.39,102,1,0,2026-06-09,255,없음,N,Y,노원
2025-12375,북부,상계미도102동,102,907,9,26.49,14.15,7.39,5.912,7.44,101,12,1,2026-04-28,1208,없음,Y,N,노원
2025-11786,남부,구로신도림미성101동,101,1310,13,11.47,5.68,5.30,5.30,6.52,123,22,0,2026-06-18,353,없음,Y,Y,구로
2024-3033,동부,거여5단지505동,505,404,4,18.07,6.63,8.31,8.31,12.215,147,33,0,2026-04-27,1333,없음,Y,Y,송파
2025-102421,서울중앙지방법원,신림큐브,,1009,10,3.92,1.34,1.42,0.727,0.766,54,2,3,2026-06-30,720,대항력임차인 HUG 임차권 인수조건변경 임차권등기,N,Y,관악
2024-118772,서울중앙지방법원,약수하이츠아파트,110,303,3,19.77,9.87,10.7,10.7,15.338,143,33,0,2026-06-30,1806,없음,N,N,중
2025-51170,서울서부지방법원,남청파인힐아파트,101,207,2,18.42,8.62,4.32,2.765,3.578,83,7,2,2026-06-30,1201,없음,N,N,은평
2024-65262,서울서부지방법원,우리파크아파트,,504,5,7.02,5.45,7.67,3.142,4.273,56,1,4,2026-06-30,2327,대항력임차인 임차권등기,N,Y,마포
2025-52030,서울서부지방법원,갈현동건영아파트,,1105,11,25.09,8.64,5.36,3.43,4.8,90,5,2,2026-06-30,1159,없음,Y,N,은평
2025-51425,서울서부지방법원,상암월드컵파크7단지,704,1302,13,31.67,23.38,13.5,13.5,13.5,100,1,0,2026-06-30,424,없음,N,N,마포
2025-51329,서울서부지방법원,현대아파트,102,1505,15,22.38,10.76,7.91,6.328,7.76,98,17,1,2026-06-30,1630,없음,N,N,서대문
2025-102544,서울중앙지방법원,현대슈퍼빌,,에이-2305,23,65.01,13.42,37.5,30,36,96,2,1,2026-06-25,745,없음,N,N,서초
2023-111644,서울중앙지방법원,황학동코아루,,102-1303,13,12.85,3.27,4.165,3.332,4.77,115,6,1,2026-06-25,501,지분매각,N,Y,중
2025-2590,서울북부지방법원,태양아파트,,205,2,20.38,9.33,2.22,1.421,1.523,69,1,2,2026-06-23,454,위반건축물,N,N,도봉
2025-104279,서울중앙지방법원,현대아파트,104,604,6,32.02,14.36,10.2,10.2,11.419,112,7,0,2026-06-23,386,없음,N,N,관악
2025-1678,서울서부지방법원,한가람아파트,213,102,1,21.61,7.38,21.1,16.88,22.365,106,9,1,2026-06-23,2735,없음,N,N,용산
2025-52063,서울서부지방법원,해주드림빌,101,503,5,23.84,9.4,6.39,6.39,6.416,100,1,0,2026-06-23,183,없음,N,N,은평
2025-12988,서울북부지방법원,대원쉐르빌아파트,,402,4,15.17,4.64,4.08,2.611,2.611,64,1,2,2026-06-23,274,대항력임차인 임차권등기,N,Y,강북
2025-2941,서울북부지방법원,래미안수유아파트,106,1402,14,34.72,16.0,8.35,6.68,7.773,93,4,1,2026-06-23,838,없음,N,N,강북
2025-11967,서울남부지방법원,양천홈타운2차아파트,,제702,7,13.15,9.18,4.09,2.618,2.77,68,2,2,2026-06-23,570,없음,N,Y,양천
2026-3246,서울남부지방법원,미성아파트,1,제1310,13,11.47,5.68,5.3,5.3,6.52,123,22,0,2026-06-18,353,없음,Y,Y,구로
2025-12570,서울남부지방법원,145,,제312,3,4.56,1.88,1.4,0.717,0.923,66,2,3,2026-06-18,344,대항력임차인 임차권등기 선순위임차권,N,Y,영등포
2023-108767,서울남부지방법원,현대3차아파트,307,제1501,15,42.51,16.38,11,8.8,11.213,102,16,1,2026-06-18,1041,대항력임차인,N,N,영등포
2025-712,서울서부지방법원,래미안남가좌2차아파트,102,1004,10,18.09,11.58,9.63,9.63,11.962,124,17,0,2026-06-16,507,없음,N,Y,서대문
2025-1395,서울서부지방법원,미성아파트,5,1303,13,25.61,13.79,8.2,8.2,8.233,100,1,0,2026-06-16,220,대항력임차인,Y,N,은평
2025-51654,서울서부지방법원,디엠씨롯데캐슬더퍼스트,113,705,7,25.69,13.16,12.4,12.4,12.821,103,4,0,2026-06-16,319,대항력임차인 임차권등기,N,N,은평
2024-58202,서울서부지방법원,쓰리알유시티아파트,,612,6,5.09,1.2,2.3,0.198,0.24,10,1,11,2026-06-16,1826,대항력임차인 임차권등기,N,Y,서대문
2026-3448,서울남부지방법원,신정뉴타운롯데캐슬,102,제1701,17,25.7,14.48,11.6,11.6,12.15,105,2,0,2026-06-16,267,없음,N,N,양천
2024-3473,서울북부지방법원,상계신동아아파트,102,202,2,25.71,9.94,5.94,4.752,5.053,85,9,1,2026-06-16,986,없음,N,N,노원
2025-13664,서울북부지방법원,동성아파트,14,제1302,13,17.97,6.28,5.28,5.28,5.385,102,3,0,2026-06-16,208,없음,N,Y,중랑
2025-13799,서울북부지방법원,라온프라이빗,101,제1602,16,25.7,11.33,11.1,11.1,11.42,103,2,0,2026-06-16,250,없음,N,N,중랑
2025-51713,서울서부지방법원,마포태영아파트,104,803,8,8.98,3.34,7.3,5.84,6.233,85,3,1,2026-06-16,952,지분매각 대항력임차인,N,Y,마포
2024-53337,서울서부지방법원,"9,",,504,5,16.81,2.21,4.17,2.733,3.8,91,2,2,2026-06-16,1602,지분매각,N,Y,서대문
2024-121258,서울북부지방법원,가우디캐슬,,1101,11,3.91,0.83,1.55,0.794,0.816,53,2,3,2026-06-16,1655,대항력임차인 HUG 임차권 인수조건변경 임차권등기,N,Y,동대문
2025-52081,서울서부지방법원,성산동자담이움아파트,,606,6,25.7,12.96,8.3,6.64,8.178,99,11,1,2026-06-16,1468,없음,N,N,마포
2025-12671,서울북부지방법원,삼익세라믹아파트,105,806,8,25.7,14.3,5.84,4.672,5.213,89,3,1,2026-06-16,369,없음,N,N,도봉
2025-51394,서울서부지방법원,디오반,,211,2,4.37,3.0,1.11,0.888,0.912,82,1,1,2026-06-16,460,대항력임차인 임차권등기,N,Y,은평
2024-3749,서울북부지방법원,한영아파트,,701,7,32.61,12.69,7.42,3.799,4.556,61,3,3,2026-06-16,3400,없음,N,N,중랑
2024-2559,서울동부지방법원,올림픽선수기자촌아파트,324,107,1,39.01,32.34,27.9,27.9,34.738,125,12,0,2026-06-15,3715,없음,N,N,송파
2025-51186,서울동부지방법원,세양청마루아파트,101,702,7,18.12,9.42,9.5,9.5,10.6,112,2,0,2026-06-15,1933,없음,N,Y,송파
2025-1680,서울중앙지방법원,우민아파트,,207,2,22.61,11.26,12,12,12.377,103,1,0,2026-06-11,523,없음,N,N,강남
2025-12908,서울남부지방법원,영등포아트자이아파트,106,제2403,24,43.44,21.81,18.8,15.04,17.296,92,5,1,2026-06-11,1500,없음,N,N,영등포
2024-117137,서울중앙지방법원,요진와이시티미니,,111,1,3.66,2.72,1.71,1.094,1.351,79,6,2,2026-06-10,2401,대항력임차인 HUG 임차권 인수조건변경 임차권등기,N,Y,강남
2025-103140,서울중앙지방법원,디에이치자이개포,808,504,5,23.13,8.71,31.3,31.3,36.32,116,2,0,2026-06-10,389,선순위전세권,N,N,강남
2025-103917,서울중앙지방법원,방배롯데캐슬아르떼,108,302,3,36.8,18.86,30.9,30.9,31.721,103,3,0,2026-06-10,416,없음,N,N,서초
2023-129160,서울남부지방법원,"7,",,제601,6,21.21,6.29,2.126,1.361,1.361,64,1,2,2026-06-10,2614,대항력임차인 HUG 임차권 인수조건변경 임차권등기,N,N,강서
2025-103008,서울중앙지방법원,피에이치129,,603,6,82.87,26.12,144,115.2,128,89,1,1,2026-06-10,1944,선순위전세권,N,N,강남
2025-12959,서울북부지방법원,동아청솔아파트,114,605,6,25.7,11.98,9.89,7.912,10.31,104,17,1,2026-06-09,706,없음,N,N,도봉
2025-822,서울북부지방법원,대동아파트,101,604,6,25.7,8.12,6.5,5.2,5.885,91,2,1,2026-06-09,767,대항력임차인,N,N,노원
2025-617,서울북부지방법원,면목동원베네스트,101,201,2,25.67,13.02,7.42,5.936,6.711,90,4,1,2026-06-09,619,없음,N,N,중랑
2024-110203,서울북부지방법원,위더스빌,,1406,14,25.67,7.12,7.25,7.25,7.512,104,2,0,2026-06-09,345,없음,N,N,동대문
2024-118481,서울북부지방법원,신내아파트,402,701,7,6.03,3.85,1.965,1.258,1.632,83,8,2,2026-06-09,499,지분매각 대항력임차인,N,Y,중랑
2025-12506,서울북부지방법원,장안동신일해피트리아파트,301,702,7,19.27,9.82,6.73,5.384,6.402,95,8,1,2026-06-09,908,없음,N,N,동대문
2025-51530,서울동부지방법원,파크리오,101,1601,16,10.66,4.92,10.9,10.9,14.3,131,11,0,2026-06-08,930,없음,N,Y,송파
2024-59579,서울동부지방법원,세림리오빌아파트,,901,9,35.65,15.55,12,9.6,11.7,97,2,1,2026-06-08,1050,지분매각 대항력임차인,N,N,광진
2025-321,서울동부지방법원,진넥스베르디엠,,402,4,18.14,6.0,8.4,6.72,7.6,90,9,1,2026-06-08,2137,없음,N,Y,송파
2025-398,서울동부지방법원,미사아름채아파트,,1209,12,3.93,1.04,2.39,1.912,2.248,94,1,1,2026-06-08,245,대항력임차인 임차권등기,N,Y,강동
2024-130570,서울남부지방법원,보라매두산위브,102,제405,4,41.36,21.55,13.6,5.571,6.01,44,1,4,2026-06-04,8867,대항력임차인,N,N,영등포
2025-9418,서울남부지방법원,화곡보람아파트,1001,제806,8,25.56,13.0,8.27,6.616,8.03,97,5,1,2026-06-04,1160,없음,N,N,강서
2023-126956,서울남부지방법원,발쿠치네하우스,101,제404,4,5.22,3.06,1.59,0.036,0.036,2,1,17,2026-06-02,2489,대항력임차인,N,Y,강서
2024-1177,서울남부지방법원,신트리아파트,304,제101,1,25.65,11.42,8.9,8.9,9.101,102,1,0,2026-06-02,248,대항력임차인,N,N,양천
2025-12496,서울북부지방법원,501호,,501,,16.52,7.85,5.44,4.352,5.001,92,2,1,2026-06-02,149,대항력임차인 임차권등기,N,Y,중랑
2025-51312,서울동부지방법원,더샵스타리버,,102-1701,17,51.89,10.29,24,24,24.012,100,1,0,2026-06-01,503,별도등기,N,N,송파
2024-2269(1),서울동부지방법원,에스케이아파트,103,802,8,25.59,7.98,7.8,6.24,8.22,105,22,1,2026-06-01,4181,없음,N,N,광진
2024-61725,서울동부지방법원,"264,",,302,3,21.76,9.0,5.98,4.784,5.728,96,4,1,2026-06-01,1585,대항력임차인 임차권등기,N,N,송파
2025-50456,서울동부지방법원,한강극동아파트,102,207,2,25.64,13.06,11.6,11.6,14.21,123,24,0,2026-06-01,1138,없음,Y,N,송파
2025-332,서울동부지방법원,주성드림팰리스,,1002,10,33.11,12.13,14.1,11.28,12.01,85,2,1,2026-06-01,2534,없음,N,N,송파
2025-51194,서울동부지방법원,구의동삼성쉐르빌,101,1803,18,42.89,6.28,14.8,14.8,15.3,103,3,0,2026-06-01,1390,없음,N,N,광진
2024-3095,서울동부지방법원,한양마이라움,,513,5,5.44,3.81,1.86,1.19,1.341,72,1,2,2026-06-01,720,없음,N,Y,성동
2024-125981,서울남부지방법원,양지샤인빌,,제603,6,4.16,1.39,1.54,0.788,0.814,53,1,3,2026-05-28,444,대항력임차인 HUG 임차권 인수조건변경 임차권등기 선순위임차권,N,Y,강서
2024-128133,서울남부지방법원,중앙힐아파트,,제302,3,20.4,9.21,3.23,2.067,2.591,80,4,2,2026-05-28,1820,대항력임차인 HUG 임차권 인수조건변경 임차권등기 선순위임차권,N,N,구로
2024-106782,서울남부지방법원,스카이아파트,,제601,6,10.39,4.0,2.53,1.619,1.659,66,2,2,2026-05-28,774,대항력임차인 HUG 임차권 인수조건변경 임차권등기 선순위임차권,N,Y,강서
2025-8819,서울남부지방법원,구로주공아파트,117,제307,3,12.49,8.77,4.75,4.75,6.889,145,8,0,2026-05-27,629,대항력임차인 임차권등기,Y,Y,구로
2025-698,서울남부지방법원,대림동현대아파트,101,제1003,10,18.08,6.7,6.74,6.74,6.74,100,1,0,2026-05-27,245,없음,N,Y,영등포
2025-11975,서울남부지방법원,벽산아파트,110,제206,2,25.71,11.74,4.84,3.872,4.471,92,5,1,2026-05-27,730,없음,Y,N,금천
2025-8838,서울남부지방법원,1088,1402,제503,5,23.14,17.24,6.49,5.192,7.5,116,8,1,2026-05-26,728,없음,N,N,금천
2025-11719,서울남부지방법원,온수힐스테이트,118,제104,1,18.14,12.0,6.49,5.192,6.5,100,8,1,2026-05-26,630,없음,N,Y,구로
2025-2473,서울서부지방법원,199-23,,1,4,7.18,4.13,5.6,5.6,10.6,189,30,0,2026-05-26,819,없음,N,Y,용산
2025-51924,서울서부지방법원,대명아파트,,409,4,25.71,9.07,10.85,8.68,9.458,87,1,1,2026-05-26,2065,없음,N,N,마포
2025-52114,서울서부지방법원,한강대우아파트,109,804,8,25.71,8.53,28.5,22.8,26.683,94,5,1,2026-05-26,2485,없음,N,N,용산
2025-102451,서울중앙지방법원,지에스타워주건축물,1,1106,11,7.88,2.05,4.59,2.35,3.86,84,1,3,2026-05-21,1058,대항력임차인 임차권등기 선순위임차권,N,Y,서초
2025-13346,서울남부지방법원,부영아파트,102,제504,5,24.39,13.0,9.37,9.37,9.585,102,3,0,2026-05-20,358,없음,N,N,강서
2024-108887,서울남부지방법원,성원아파트,102,제602,6,18.04,5.29,6.59,6.59,6.711,102,2,0,2026-05-20,482,없음,N,Y,영등포
2024-149352,서울남부지방법원,가양도시개발아파트,907,제703,7,14.97,10.07,7.5,7.5,9.501,127,20,0,2026-05-20,442,없음,N,Y,강서
2025-13268,서울북부지방법원,639,209,208,2,23.97,15.74,6.47,6.47,6.482,100,2,0,2026-05-19,266,없음,N,N,노원
2025-13125,서울북부지방법원,정릉꿈에그린,202,제902,9,25.58,13.44,8.36,6.688,8.49,102,7,1,2026-05-19,958,대항력임차인,N,N,성북
2025-9491,서울남부지방법원,마곡엠밸리7단지,705,제708,7,34.76,18.17,20.8,16.64,19.544,94,4,1,2026-05-19,1637,대항력임차인,N,N,강서
2022-109902,서울북부지방법원,상계주공아파트,618,1004,10,17.55,11.62,7.81,6.248,7.372,94,6,1,2026-05-19,518,대항력임차인 임차권등기,Y,Y,노원
2025-12178,서울남부지방법원,구일우성아파트,210,제1601,16,25.56,8.22,7.53,6.024,6.66,88,6,1,2026-05-19,992,없음,N,N,구로
2025-51774,서울서부지방법원,300-11,5,305,3,31.0,21.3,32,32,34.001,106,1,0,2026-05-19,672,대항력임차인 임차권등기 유치권,N,N,용산
2025-12853,서울북부지방법원,동성아파트,13,102,1,25.43,8.89,6.1,4.88,5.972,98,7,1,2026-05-19,827,없음,N,N,중랑
2025-51221,서울서부지방법원,백련산힐스테이트2차,207,302,3,25.59,14.46,7.95,7.95,8.915,112,8,0,2026-05-19,393,없음,N,N,은평
2025-51414,서울서부지방법원,래미안베라힐즈,209,1404,14,25.7,14.42,12.23,12.23,12.621,103,2,0,2026-05-19,340,없음,N,N,은평
2025-103786,서울중앙지방법원,강남데시앙포레,111,203,2,25.67,,19.5,19.5,20.98,108,1,0,2026-05-19,456,대항력임차인,N,N,강남
2025-3043,서울북부지방법원,주공아파트,1901,1011,10,20.83,16.14,8.4,8.4,8.6,102,1,0,2026-05-19,192,없음,Y,N,도봉
2025-13061,서울북부지방법원,주공아파트,1701,702,7,10.94,7.78,3.3,2.64,3.144,95,14,1,2026-05-19,618,없음,Y,Y,도봉
2024-118214,서울북부지방법원,면목동삼호아파트,101,제105,1,34.33,18.53,7.99,6.392,6.453,81,2,1,2026-05-19,909,없음,Y,N,중랑
2025-51113,서울동부지방법원,벽산아파트,101,1201,12,18.1,5.97,7.18,7.18,7.44,104,2,0,2026-05-18,436,없음,Y,Y,성동
2023-60589,서울동부지방법원,길동청광플러스원큐브1차,,1001,10,5.05,1.49,1.3,0.832,0.908,70,1,2,2026-05-18,1116,대항력임차인 HUG 임차권 인수조건변경 임차권등기,N,Y,강동
2025-102859,서울중앙지방법원,삼익양재빌라,,802,8,49.17,17.91,15.7,6.431,6.6,42,1,4,2026-05-13,9587,대항력임차인,N,N,서초
2025-558,서울남부지방법원,등촌동아이파크,117,제1202,12,50.16,22.93,15.8,12.64,13.1,83,2,1,2026-05-13,1667,없음,N,N,강서
2025-9087,서울남부지방법원,목동가든스위트,,제702,7,54.16,6.21,18.8,12.032,16.04,85,6,2,2026-05-13,1768,없음,N,N,양천
2025-728,서울남부지방법원,여의도씨티아이,,제1611,16,3.9,0.8,1.35,1.35,1.35,100,1,0,2026-05-12,67,대항력임차인,N,Y,영등포
2025-13465,서울북부지방법원,두산베어스타워,,제1203,12,50.32,5.9,9.72,9.72,9.72,100,1,0,2026-05-12,234,없음,N,N,동대문
2025-12833,서울북부지방법원,중계10단지주공아파트,1001,101,1,17.59,10.77,6.66,4.262,6.556,98,16,2,2026-05-12,1557,대항력임차인,Y,Y,노원
2025-51522,서울서부지방법원,독립문극동아파트,106,1101,11,18.02,6.88,10.4,6.656,7.1,68,2,2,2026-05-12,2089,대항력임차인,Y,Y,서대문
2025-10391,서울남부지방법원,에어팰리스,,제405,4,4.27,1.21,0.98,0.502,1.028,105,1,3,2026-05-12,558,대항력임차인,N,Y,강서
2025-51568,서울서부지방법원,538,101,602,6,25.68,13.38,6.2,4.96,5.615,91,5,1,2026-05-12,472,별도등기,N,N,은평
2025-2423,서울중앙지방법원,310호,,310,,10.65,1.33,3.08,2.464,3.074,100,1,1,2026-05-12,1128,대항력임차인,N,Y,서초
2025-102776,서울중앙지방법원,브리앙뜨,,401,4,40.82,18.93,20.11,16.088,16.888,84,3,1,2026-05-12,2004,위반건축물,N,N,서초
2025-51676,서울서부지방법원,상암월드컵파크3단지,308,101,1,25.66,15.24,11.1,8.88,11.31,102,21,1,2026-05-12,1829,선순위전세권,N,N,마포
2025-11815,서울남부지방법원,대명하이빌,,제501,5,25.69,14.87,4.67,2.989,3.74,80,3,2,2026-05-12,993,없음,N,N,구로
2025-3524,서울북부지방법원,답십리엘림퍼스트아파트,,제701,7,15.94,10.66,7.15,5.72,7.202,101,16,1,2026-05-12,971,없음,N,Y,동대문
2025-3616,서울북부지방법원,에드가쌍문,,제212,2,7.01,2.74,2.67,2.136,2.141,80,1,1,2026-05-12,65,없음,N,Y,도봉
2025-3791,서울북부지방법원,에드가쌍문,,제231,2,9.08,3.55,2.89,2.312,2.317,80,1,1,2026-05-12,55,없음,N,Y,도봉
2025-3975,서울북부지방법원,에드가쌍문,,제318,3,7.01,2.74,2.25,1.8,1.804,80,1,1,2026-05-12,34,없음,N,Y,도봉
2025-4152,서울북부지방법원,에드가쌍문,,제340,3,9.08,3.55,3.5,2.8,2.806,80,1,1,2026-05-12,47,없음,N,Y,도봉
2025-4244,서울북부지방법원,에드가쌍문,,제405,4,6.41,2.5,2.06,1.648,1.652,80,1,1,2026-05-12,52,없음,N,Y,도봉
2025-4336,서울북부지방법원,에드가쌍문,,제416,4,7.01,2.74,2.32,1.856,1.86,80,1,1,2026-05-12,32,대항력임차인,N,Y,도봉
2025-4428,서울북부지방법원,에드가쌍문,,제428,4,9.08,3.55,3.08,2.464,2.469,80,1,1,2026-05-12,50,없음,N,Y,도봉
2025-4602,서울북부지방법원,에드가쌍문,,제504,5,6.41,2.5,2.13,1.704,1.708,80,1,1,2026-05-12,29,없음,N,Y,도봉
2025-1289,서울서부지방법원,홍은벽산아파트,112,1402,14,43.25,18.24,8.62,8.62,8.659,100,1,0,2026-05-12,326,없음,Y,N,서대문
2025-4787,서울북부지방법원,에드가쌍문,,제531,5,9.08,3.55,2.94,2.352,2.357,80,1,1,2026-05-12,39,없음,N,Y,도봉
2025-4879,서울북부지방법원,에드가쌍문,,제601,6,6.41,2.5,2.12,1.696,1.7,80,1,1,2026-05-12,37,없음,N,Y,도봉
2025-4961,서울북부지방법원,에드가쌍문,,제612,6,7.01,2.74,2.26,1.808,1.812,80,1,1,2026-05-12,24,없음,N,Y,도봉
2025-5056,서울북부지방법원,에드가쌍문,,제623,6,6.8,2.66,2.22,1.776,1.78,80,1,1,2026-05-12,25,없음,N,Y,도봉
2025-5148,서울북부지방법원,에드가쌍문,,제634,6,9.08,3.55,2.94,2.352,2.357,80,1,1,2026-05-12,58,없음,N,Y,도봉
2024-115475,서울북부지방법원,면목두산아파트,302,401,4,25.64,6.99,7,7,7.101,101,2,0,2026-05-12,196,없음,N,N,중랑
2025-5322,서울북부지방법원,에드가쌍문,,제713,7,7.01,2.74,2.75,2.2,2.205,80,1,1,2026-05-12,33,없음,N,Y,도봉
2025-5506,서울북부지방법원,에드가쌍문,,제733,7,9.08,3.55,3,2.4,2.405,80,1,1,2026-05-12,67,없음,N,Y,도봉
2025-51976,서울서부지방법원,유원하나아파트,103,1002,10,21.88,10.28,2.985,2.985,4.809,161,1,0,2026-05-12,294,대항력임차인 임차권등기,N,N,서대문
2025-51898,서울서부지방법원,미성아파트,10,307,3,38.04,17.64,10.2,10.2,10.237,100,1,0,2026-05-12,151,없음,Y,N,은평
2025-13638,서울북부지방법원,면목현대아파트,103,제704,7,25.71,10.35,7.7,6.16,7.034,91,8,1,2026-05-12,729,없음,N,N,중랑
2024-62469,서울동부지방법원,청광플러스원큐브3차,,1107,11,4.01,0.87,1.26,0.645,0.75,60,7,3,2026-05-11,1307,대항력임차인 HUG 임차권 인수조건변경 임차권등기 선순위임차권,N,Y,강동
2025-358,서울동부지방법원,포레나송파,1704,203,2,20.22,12.32,12.17,12.17,16.5,136,19,0,2026-05-11,967,없음,N,N,송파
2025-51104,서울동부지방법원,한솔 솔파크 더 리버,103,1602,16,25.68,14.14,12.7,12.7,14.61,115,3,0,2026-05-11,2255,없음,N,N,강동
2025-51666,서울동부지방법원,올림픽선수기자촌아파트,211,603,6,49.75,37.33,37.25,37.25,38.161,102,2,0,2026-05-11,590,대항력임차인 임차권등기,N,N,송파
2024-59166,서울동부지방법원,예건타워빌아파트,,504,5,11.39,3.59,3.1,1.984,2.154,69,2,2,2026-05-11,1140,없음,N,Y,강동
2025-102791,서울중앙지방법원,삼성오네뜨아파트,101,402,4,43.69,20.2,25.7,20.56,21.37,83,1,1,2026-05-07,1549,없음,N,N,강남
2024-117051,서울북부지방법원,현대2차아파트,202,404,4,25.24,9.87,5.8,4.64,5.301,91,7,1,2026-05-07,940,없음,N,N,노원
2025-102165,서울중앙지방법원,로얄스위트서초빌라,,602,6,57.3,25.16,25.6,20.48,21.5,84,1,1,2026-05-07,3314,없음,N,N,서초
2024-3282,서울북부지방법원,대동아파트,101,205,2,18.08,6.08,4.85,3.104,3.78,78,4,2,2026-05-07,1350,없음,N,Y,도봉
2025-11167,서울북부지방법원,동부아파트,104,제903,9,10.26,4.46,2.956,1.892,2.502,85,6,2,2026-05-07,428,지분매각,N,Y,노원
2024-123544,서울북부지방법원,주공아파트,111,202,2,25.66,11.95,7.92,7.92,8.888,112,6,0,2026-05-07,333,없음,Y,N,동대문
2025-12989,서울북부지방법원,에스아이팰리스장안센텀,,808,8,3.96,0.86,2.13,1.704,1.99,93,1,1,2026-05-07,113,대항력임차인 임차권등기,N,Y,동대문
2025-11082,서울북부지방법원,상계주공아파트,207,제1306,13,12.49,9.6,4.64,4.64,4.907,106,4,0,2026-05-07,164,대항력임차인,Y,Y,노원
2024-110378,서울남부지방법원,"62,",,제1213,12,4.5,1.86,1.27,0.813,0.98,77,1,2,2026-05-07,2511,대항력임차인 HUG 임차권 인수조건변경,N,Y,영등포
2017-104460,서울북부지방법원,창동2차현대아파트,204,1304,13,25.56,10.56,8.9,7.12,8.05,90,1,1,2026-05-07,986,없음,N,N,도봉
2025-102803,서울중앙지방법원,흑석한강푸르지오,108,1302,13,12.82,7.08,8.7,6.96,9.009,104,4,1,2026-05-06,1736,지분매각,N,Y,동작
2025-102369,서울중앙지방법원,은마아파트,10,404,4,31.67,16.3,32.2,32.2,39.17,122,4,0,2026-05-06,526,대항력임차인,N,N,강남
2025-12157,서울남부지방법원,한성아파트,105,제1101,11,25.71,12.04,10.6,10.6,12.302,116,13,0,2026-04-29,467,없음,N,N,영등포
2023-4530,서울북부지방법원,면목두산아파트,202,902,9,25.64,6.99,7.28,5.824,6.874,94,10,1,2026-04-28,1750,없음,N,N,중랑
2025-12285,서울북부지방법원,초안아파트,201,212,2,11.98,6.67,2.9,2.32,2.369,82,1,1,2026-04-28,385,없음,N,Y,노원
2024-105850(5),서울북부지방법원,세진빌딩,,604,6,5.51,1.43,3.53,1.446,1.523,43,2,4,2026-04-28,1128,없음,N,Y,동대문
2025-12401,서울북부지방법원,면목현대아파트,101,1705,17,25.66,10.32,7.41,5.928,7.5,101,12,1,2026-04-28,1351,없음,N,N,중랑
2025-12030,서울북부지방법원,갤럭시더정릉,,1004,10,4.51,1.75,2.56,1.638,1.917,75,1,2,2026-04-28,489,대항력임차인 HUG 임차권 인수조건변경 임차권등기 선순위임차권,N,Y,성북
2025-12864,서울북부지방법원,노원프레미어스엠코,,101-1803,18,25.42,4.9,9.2,7.36,8.602,93,5,1,2026-04-28,427,대항력임차인 임차권등기,N,N,노원
2025-51692,서울동부지방법원,지에스강동자이아파트,111,1401,14,38.25,15.46,13.9,13.9,15.79,114,10,0,2026-04-27,956,없음,N,N,강동
2025-10054,서울남부지방법원,파인빌,,제208,2,22.12,9.61,8.32,6.656,7.121,86,1,1,2026-04-23,541,없음,N,N,양천
2025-10158,서울남부지방법원,마곡중앙하이츠아파트,1202,제405,4,15.44,9.52,5.46,4.368,5.624,103,6,1,2026-04-23,579,대항력임차인,N,Y,강서
2024-115582,서울중앙지방법원,청담브르넨,,102,1,62.01,35.64,75.3,48.192,49.3,65,1,2,2026-04-23,3000,없음,N,N,강남
2025-12319,서울남부지방법원,세양청마루아파트,105,제101,1,25.71,13.28,9.7,9.7,9.7,100,1,0,2026-04-23,186,없음,N,N,양천
2025-10640,서울남부지방법원,목동신시가지아파트,408,제805,8,14.73,13.87,18,14.4,19.388,108,3,1,2026-04-23,1608,없음,N,Y,양천
2025-11152,서울남부지방법원,엠센트럴뷰,,제601,6,15.09,5.98,5.34,4.272,4.272,80,1,1,2026-04-23,93,대항력임차인,N,Y,구로
2025-8951,서울남부지방법원,현대의보아파트,,제1707,17,25.11,10.35,5.69,3.642,4.763,84,8,2,2026-04-23,967,대항력임차인,N,N,구로
2025-8950,서울남부지방법원,방화5단지아파트,505,제213,2,11.98,8.8,4.42,3.536,4.643,105,7,1,2026-04-22,1948,없음,N,Y,강서
2025-9601,서울남부지방법원,이스타팰리스,,제402,4,34.61,9.97,11.93,9.544,9.71,81,1,1,2026-04-22,619,없음,N,N,양천
2025-9704,서울남부지방법원,신길자이,102,제1103,11,25.69,14.23,11,8.8,12,109,45,1,2026-04-22,2576,없음,N,N,영등포
2025-10271,서울남부지방법원,목동신시가지아파트,806,제1107,11,8.31,6.33,8.42,6.736,8.61,102,2,1,2026-04-22,582,지분매각,N,Y,양천
2025-102828,서울중앙지방법원,아이파크,102,602,6,44.99,22.76,30,30,31.66,106,2,0,2026-04-22,579,없음,N,N,강남
2025-102727,서울중앙지방법원,브라운스톤 서울,,102-1101,11,25.68,3.33,11,8.8,11.338,103,27,1,2026-04-21,3157,없음,N,N,중
2025-12078,서울남부지방법원,두산아파트,101,제2307,23,18.06,5.57,5.13,5.13,5.351,104,4,0,2026-04-21,248,없음,N,Y,구로
2025-11403,서울남부지방법원,우민늘푸른아파트,101,제106,1,25.62,13.05,6.37,5.096,5.32,84,1,1,2026-04-21,462,없음,N,N,구로
2025-102206,서울중앙지방법원,반포자이,123,2102,21,25.71,13.17,42.6,42.6,45.11,106,1,0,2026-04-21,1381,별도등기,N,N,서초
2025-10163,서울남부지방법원,삼도아파트,102,제201,2,21.78,8.41,4.53,2.899,3.44,76,4,2,2026-04-21,1363,없음,N,N,양천
2024-62780,서울동부지방법원,"37,",,501,5,18.07,9.59,4.86,3.888,4.511,93,3,1,2026-04-20,1368,없음,N,Y,송파
2025-51442,서울동부지방법원,7-17,,2003,20,45.43,5.09,22.1,17.68,19.9,90,2,1,2026-04-20,2023,없음,N,N,송파
2025-12227,서울북부지방법원,유-포그니,,801,8,18.4,9.93,3.791,2.426,2.732,72,,2,2026-04-17,895,위반건축물 대항력임차인,N,N,동대문
2024-1423,서울중앙지방법원,현대아파트,91,510,5,33.73,11.23,40,40,51.38,128,2,0,2026-04-16,791,없음,N,N,강남
2025-100600,서울중앙지방법원,"20-2,",,35,4,9.11,,1.83,1.83,1.831,100,1,0,2026-04-16,350,지분매각,N,Y,종로
2024-120911,서울중앙지방법원,래미안삼성1차,302,102,1,42.81,23.0,30.3,30.3,31.52,104,2,0,2026-04-16,1320,없음,N,N,강남
2024-108832,서울남부지방법원,미진주택,,제701,7,11.57,4.49,2.17,1.389,1.532,71,1,2,2026-04-16,1391,대항력임차인 HUG 임차권 인수조건변경 임차권등기,N,Y,구로
2025-51570,서울서부지방법원,홍은드림아파트,,202,2,25.68,15.87,4.75,3.8,4.53,95,1,1,2026-04-14,692,없음,N,N,서대문
2025-5711,서울북부지방법원,건영아파트,104,제808,8,25.7,11.17,7.69,7.69,8.163,106,1,0,2026-04-14,485,없음,Y,N,노원
2023-113359,서울북부지방법원,청구아파트,109,제1001,10,25.64,13.98,11.65,11.65,12.858,110,3,0,2026-04-14,515,없음,N,N,노원
2025-13098,서울북부지방법원,쌍용아파트,101,제1002,10,18.13,7.81,4.12,3.296,3.634,88,6,1,2026-04-14,444,없음,N,Y,강북
2024-65064,서울서부지방법원,홍제원현대아파트,109,1502,15,25.68,11.28,9.1,7.28,10.604,117,29,1,2026-04-14,2618,없음,N,N,서대문
2025-12835,서울북부지방법원,래미안수유아파트,102,1504,15,18.11,9.1,5.87,4.696,5.476,93,3,1,2026-04-14,540,없음,N,Y,강북
2025-102560,서울중앙지방법원,청담스위트,,512,5,4.06,3.15,2.51,2.008,2.03,81,1,1,2026-04-14,2702,대항력임차인 HUG 임차권 인수조건변경 임차권등기 선순위임차권,N,Y,강남
2024-65200,서울서부지방법원,응암우성아파트,102,805,8,34.99,20.15,7.95,5.088,6.51,82,4,2,2026-04-14,1424,없음,N,N,은평
2025-51660,서울서부지방법원,홍제금호어울림,107,802,8,25.56,13.9,8.8,8.8,9.33,106,2,0,2026-04-14,273,대항력임차인,N,N,서대문
2025-12880,서울북부지방법원,중계무지개아파트,203,제512,5,14.99,9.51,5.2,5.2,5.802,112,12,0,2026-04-14,176,없음,N,Y,노원
2025-12109,서울북부지방법원,중계동금호타운,102,제203,2,25.71,8.51,7.24,2.372,2.61,36,4,5,2026-04-14,2247,대항력임차인,N,N,노원
2025-51054,서울서부지방법원,디엠씨파크뷰자이,126,2602,26,52.96,26.24,23.48,18.784,20.067,85,1,1,2026-04-14,796,대항력임차인,N,N,서대문
2023-3784,서울동부지방법원,한영해시안아파트,,801,8,18.95,9.3,9.04,7.232,8.611,95,5,1,2026-04-13,2919,없음,N,N,송파
2024-53847,서울동부지방법원,문정시영아파트,7,909,9,7.76,5.2,5.12,5.12,6.93,135,12,0,2026-04-13,908,없음,Y,Y,송파
2024-59753,서울동부지방법원,삼성아파트,202,605,6,25.71,9.54,12.4,12.4,14.498,117,13,0,2026-04-13,552,없음,N,N,강동
2024-64151,서울동부지방법원,송파성원상떼빌,102,2006,20,32.85,6.65,11.7,11.7,13.2,113,,0,2026-04-13,383,별도등기,N,N,송파
2024-881,서울동부지방법원,송파두산위브,102,1405,14,25.7,8.99,11.4,9.12,13.901,122,2,1,2026-04-13,4631,없음,N,N,송파
2024-3200,서울동부지방법원,오금동쌍용스윗닷홈,401,1001,10,47.44,19.16,16.2,12.96,14.7,91,3,1,2026-04-13,1294,대항력임차인,N,N,송파
2025-50715,서울동부지방법원,파크프라자,,303,3,27.52,7.02,7.55,6.04,7.911,105,4,1,2026-04-13,669,대항력임차인,N,N,강동
2024-59562,서울동부지방법원,광남벨라스아파트,,304,3,25.45,8.95,6.91,5.528,5.933,86,2,1,2026-04-13,679,대항력임차인,N,N,강동
2023-6278,서울중앙지방법원,도곡렉슬아파트,206,203,2,25.69,11.82,27,21.6,33.365,124,6,1,2026-04-08,3476,대항력임차인,N,N,강남
2024-124230,서울남부지방법원,서울가든아파트,4,제905,9,25.71,12.04,7.3,5.84,6.644,91,4,1,2026-04-08,777,없음,N,N,구로
2025-11172,서울남부지방법원,신안약수아파트,3,제107,,26.37,17.58,7.02,5.616,7.065,101,10,1,2026-04-07,703,없음,N,N,양천
2025-51528,서울서부지방법원,디엠씨한양,6,1002,10,19.77,10.51,6.97,4.461,5.38,77,4,2,2026-04-07,1959,대항력임차인,N,N,서대문
2025-13248,서울북부지방법원,래미안 크레시티,202,제1104,11,25.71,14.3,16.2,12.96,16.478,102,20,1,2026-04-07,1831,없음,N,N,동대문
2023-109206,서울북부지방법원,태능시장주상복합빌딩,,1105,11,25.67,8.06,6.57,5.256,5.65,86,2,1,2026-04-07,1025,없음,N,N,중랑
2025-12987,서울북부지방법원,용마한신아파트,4,304,3,4.98,2.24,1.47,0.941,1.018,69,1,2,2026-04-07,451,지분매각,N,Y,중랑
2023-119538,서울남부지방법원,초록아파트,103,제105,1,18.0,11.43,6.61,5.288,6.123,93,4,1,2026-04-07,720,없음,N,Y,강서
2024-136554,서울남부지방법원,등촌2단지주공아파트,201,제1103,11,12.66,7.56,5.52,4.416,6.437,117,34,1,2026-04-07,2184,없음,Y,Y,강서
2025-13381,서울북부지방법원,중계2단지주공아파트,201,502,5,13.47,8.11,3.66,2.928,3.288,90,4,1,2026-04-07,532,없음,Y,Y,노원
2025-103701,서울중앙지방법원,창신쌍용아파트,205,604,6,32.25,15.3,8.59,6.872,8.52,99,7,1,2026-04-07,1939,유치권,N,N,종로
2025-51701,서울서부지방법원,마포태영아파트,110,401,4,34.77,11.4,20,20,21.49,107,2,0,2026-04-07,443,없음,N,N,마포
2024-121579,서울북부지방법원,월계2단지주공아파트,208,608,6,13.47,7.56,3.85,3.08,3.358,87,5,1,2026-04-07,343,없음,Y,Y,노원
2025-3388,서울북부지방법원,태솔아파트3차,,제602,6,17.54,3.81,5.2,4.16,4.202,81,1,1,2026-04-07,405,없음,N,Y,동대문
2025-3432,서울북부지방법원,삼성아파트,101,203,2,25.7,8.6,6.23,4.984,5.357,86,2,1,2026-04-07,438,없음,N,N,강북
2025-12639,서울북부지방법원,세명아파트,,301,3,23.78,11.1,4.35,2.784,3.05,70,1,2,2026-04-07,891,없음,N,N,도봉
2025-50845,서울동부지방법원,위례아이파크,102,205,2,30.51,13.81,16.94,16.94,20.9,123,8,0,2026-04-06,591,없음,N,N,송파
2025-9125,서울남부지방법원,에스타워,,제802,8,8.26,2.61,2.08,1.331,1.67,80,4,2,2026-04-02,382,대항력임차인 HUG 임차권 인수조건변경 임차권등기,N,Y,강서
2025-9733,서울남부지방법원,경동팰리스힐,,제501,5,3.7,2.86,1.02,0.522,0.675,66,5,3,2026-04-02,818,대항력임차인 HUG 임차권 인수조건변경 임차권등기,N,Y,강서
2024-139119,서울남부지방법원,가산 지웰 에스테이트2차,1,제622,6,4.27,1.58,1.62,0.829,0.86,53,2,3,2026-04-01,816,대항력임차인 HUG 임차권 인수조건변경 임차권등기,N,Y,금천
2024-101275,서울남부지방법원,삼성래미안아파트,108,제702,7,23.8,9.36,8.49,6.792,9.238,109,18,1,2026-04-01,1231,없음,N,N,구로
2024-123187,서울중앙지방법원,도곡동삼성래미안아파트,101,2202,22,25.68,10.5,27.5,27.5,31.55,115,6,0,2026-04-01,564,없음,N,N,강남
2024-115496,서울남부지방법원,당산동반도유보라팰리스,105,제301,3,47.76,23.46,17.93,14.344,17.025,95,10,1,2026-04-01,3826,없음,N,N,영등포
2025-9948,서울남부지방법원,대림역포스큐,,제1512,15,5.09,0.8,1.42,1.136,1.141,80,1,1,2026-04-01,115,대항력임차인,N,Y,구로
2025-10493,서울남부지방법원,한우리아파트,102,제201,2,25.53,14.38,4.71,3.768,3.851,82,1,1,2026-04-01,686,없음,N,N,양천
2024-106263,서울남부지방법원,현대아파트,1,제208,2,14.86,21.02,4.94,2.529,3.534,72,3,3,2026-04-01,3812,없음,N,Y,금천
2024-108521,서울북부지방법원,성원아파트,101,1011,10,25.51,7.89,6.48,5.184,6.118,94,14,1,2026-03-31,1104,없음,N,N,중랑
2023-56773,서울서부지방법원,은평뉴타운제각말,536,204,2,25.68,,7.7,7.7,8.258,107,2,0,2026-03-31,175,대지권미등기,N,N,은평
2025-11606,서울남부지방법원,온수힐스테이트,114,제302,3,18.14,12.0,6.42,5.136,6.405,100,11,1,2026-03-31,1107,없음,N,Y,구로
2025-1661,서울서부지방법원,대원칸타빌아파트,103,1205,12,43.46,15.61,18.2,14.56,17.733,97,15,1,2026-03-31,1999,없음,N,N,마포
2025-50908,서울서부지방법원,디엠씨래미안이편한세상,108,1902,19,25.7,14.44,12.7,12.7,13.62,107,6,0,2026-03-31,508,없음,N,N,서대문
2025-11924,서울남부지방법원,여의도씨티아이,,제1408,14,3.81,0.78,1.34,1.072,1.072,80,1,1,2026-03-31,169,대항력임차인 선순위임차권,N,Y,영등포
2023-115652,서울북부지방법원,상계주공아파트,1004,603,6,17.55,13.63,6.4,5.12,6.21,97,14,1,2026-03-31,508,없음,Y,Y,노원
2024-124162,서울남부지방법원,상진지오벨리,,제104,1,31.89,15.35,6.12,4.896,5,82,1,1,2026-03-31,875,없음,N,N,양천
2025-12152,서울북부지방법원,스마트트라움,,803,8,14.53,2.82,4.12,3.296,3.4,83,1,1,2026-03-31,212,대항력임차인,N,Y,동대문
2025-1948,서울북부지방법원,상봉 프레미어스 엠코 에이동,,1405,14,33.75,5.51,13.2,10.56,11.841,90,5,1,2026-03-31,502,없음,N,N,중랑
2025-51696,서울서부지방법원,홍은벽산아파트,115,102,1,25.65,11.33,7.2,5.76,7.021,98,4,1,2026-03-31,696,대항력임차인,Y,N,서대문
2025-10959,서울북부지방법원,현대아파트,104,306,3,25.7,14.12,10.1,8.08,10.75,106,14,1,2026-03-31,605,없음,N,N,노원
2025-12329,서울북부지방법원,639,107,1310,13,13.41,8.81,4.07,3.256,4.092,101,10,1,2026-03-31,519,없음,N,Y,노원
2023-53361,서울서부지방법원,응암동금호아파트,103,201,2,25.5,9.21,7.4,4.736,6.022,81,12,2,2026-03-31,3908,없음,N,N,은평
2025-51834,서울서부지방법원,디엠씨엘가,101,223,2,3.94,2.18,1.36,1.088,1.1,81,1,1,2026-03-31,167,대항력임차인 HUG 임차권 인수조건변경 임차권등기 선순위임차권,N,Y,서대문
2025-51852,서울서부지방법원,한남동리첸시아,,비-302,3,21.8,5.76,13.6,10.88,12.155,89,2,1,2026-03-31,2072,대항력임차인 임차권등기,N,N,용산
2023-51875,서울동부지방법원,한양아파트,6,401,4,36.2,21.4,15.91,15.91,22,138,13,0,2026-03-30,2491,없음,N,N,송파
2024-50138,서울동부지방법원,하이츠아파트,102,103,1,21.73,9.93,6.76,5.408,7.83,116,34,1,2026-03-30,4030,없음,N,N,성동
2024-102155,서울남부지방법원,거성푸르뫼아파트,101,제1104,11,40.14,16.35,6.63,5.304,5.901,89,1,1,2026-03-25,1210,없음,N,N,구로
2025-769,서울남부지방법원,문래현대6차아파트,602,제707,7,15.29,5.86,7.1,7.1,8.035,113,6,0,2026-03-25,363,대항력임차인,N,Y,영등포
2025-8651,서울남부지방법원,마곡힐스테이트,102,902,9,25.71,,14.8,14.8,15.555,105,5,0,2026-03-25,392,대지권미등기,N,N,강서
2025-3067,서울북부지방법원,은빛아파트,205,1003,10,12.01,5.76,3.74,2.992,3.506,94,5,1,2026-03-24,584,없음,N,Y,노원
2025-12431,서울북부지방법원,수락리버시티4단지,403,1104,11,25.68,17.98,6.39,5.112,6.103,96,10,1,2026-03-24,608,없음,N,N,노원
2025-12432,서울북부지방법원,동아청솔아파트,110,105,1,25.7,11.98,8.7,8.7,9.171,105,1,0,2026-03-24,209,없음,N,N,도봉
2025-10343,서울남부지방법원,마곡수명산파크4단지,402,제702,7,25.57,14.98,10.28,10.28,10.82,105,4,0,2026-03-24,312,없음,N,N,강서
2025-12523,서울북부지방법원,세진빌딩,,808,8,3.47,0.9,2.07,1.325,1.325,64,1,2,2026-03-24,283,없음,N,Y,동대문
2024-112704,서울북부지방법원,쌍문한양아파트,3,1005,10,20.06,15.04,7,4.48,5.69,81,4,2,2026-03-24,929,없음,N,N,도봉
2025-12945,서울북부지방법원,월계센트럴아이파크아파트,107,501,5,25.71,12.73,9.46,9.46,9.512,101,1,0,2026-03-24,291,대항력임차인,N,N,노원
2025-8700,서울남부지방법원,남서울힐스테이트,208,제1002,10,45.59,22.8,15.35,9.824,10.951,71,5,2,2026-03-18,2453,없음,N,N,금천
2024-120614,서울중앙지방법원,파크스퀘어보라매현대아파트,1,1805,18,49.16,6.74,14.3,9.152,11.48,80,11,2,2026-03-18,3766,없음,N,N,동작
2025-9886,서울남부지방법원,구로한신1차아파트,1,제1103,11,13.78,7.25,4.56,3.648,4.214,92,13,1,2026-03-18,905,없음,N,Y,구로
2023-103410,서울남부지방법원,가양중앙하이츠아파트,101,제201,2,36.25,16.48,9.62,7.696,9.411,98,13,1,2026-03-18,2872,없음,N,N,강서
2024-131498,서울남부지방법원,푸른마을3단지아파트,302,제1306,13,18.15,9.32,5.93,4.744,5.511,93,7,1,2026-03-17,1273,없음,N,Y,양천
2024-139621,서울남부지방법원,세교예지안5차,,제1103,11,9.02,2.47,2.21,1.132,2.1,95,1,3,2026-03-17,235,대항력임차인,N,Y,강서
2025-102282,서울중앙지방법원,서초트라팰리스,,에이-2304,23,40.25,9.86,30.17,19.309,25.67,85,19,2,2026-03-17,4207,없음,N,N,서초
2024-131658,서울남부지방법원,대림동문영칸타빌레아파트,101,제1001,10,25.68,9.08,6.48,5.184,5.502,85,1,1,2026-03-17,2160,없음,N,N,영등포
2025-1550,서울중앙지방법원,보라매이편한세상,101,405,4,25.63,13.23,12.2,12.2,13.85,114,5,0,2026-03-17,554,없음,N,N,동작
2024-50473,서울동부지방법원,성내2차이-편한세상,202,501,5,27.8,14.38,10.4,8.32,11.4,110,12,1,2026-03-16,2357,없음,N,N,강동
2023-55853,서울동부지방법원,벽산아파트,202,406,4,25.66,13.83,11.4,11.4,16.9,148,16,0,2026-03-16,2416,없음,Y,N,성동
2025-51103,서울동부지방법원,잠실올림픽공원아이파크,103,2203,22,25.71,11.6,21.05,21.05,21.984,104,1,0,2026-03-16,547,대항력임차인 별도등기,N,N,송파
2025-51170,서울동부지방법원,송파위례리슈빌,103,304,3,31.9,19.2,19.03,19.03,19.51,103,1,0,2026-03-16,345,대항력임차인,N,N,송파
2025-51048,서울동부지방법원,현대제이드,,702,7,72.12,19.64,23.8,19.04,20.222,85,1,1,2026-03-16,1029,없음,N,N,강동
2025-288,서울동부지방법원,원다빌2,,1205,12,20.32,8.61,6.42,5.136,5.601,87,2,1,2026-03-16,875,대항력임차인 임차권등기,N,N,강동
2025-102268,서울중앙지방법원,약수하이츠,113,506,5,17.43,8.58,10.02,10.02,13.71,137,20,0,2026-03-12,879,없음,N,Y,중
2024-115526,서울남부지방법원,천왕이펜하우스1단지,101,제303,3,25.7,23.57,8.59,6.872,7.66,89,2,1,2026-03-12,1800,없음,N,N,구로
2025-581,서울남부지방법원,동부골든아파트,209,제1005,10,18.13,7.4,4.5,3.6,4.2,93,7,1,2026-03-12,787,없음,N,Y,구로
2025-10655,서울남부지방법원,마곡동후포아파트,,제502,5,23.2,12.26,5.36,4.288,4.83,90,4,1,2026-03-12,1459,없음,N,N,강서
2024-125103,서울남부지방법원,양지샤인아파트,,제503,5,6.16,2.14,2.25,1.8,1.88,84,1,1,2026-03-11,366,대항력임차인 HUG 임차권 인수조건변경 임차권등기 선순위임차권,N,Y,강서
2024-149581,서울남부지방법원,메종드로제,,제1104,11,14.9,3.6,3.94,3.152,3.551,90,2,1,2026-03-11,671,대항력임차인 HUG 임차권 인수조건변경 임차권등기,N,Y,강서
2025-12235(2),서울북부지방법원,쌍문그린스테이트빌딩,,302,3,22.12,10.93,4.1,2.624,2.81,69,3,2,2026-03-10,1464,없음,N,N,도봉
2025-11335,서울남부지방법원,로제리움2차,,제1601,16,4.51,0.77,1.2,1.2,1.2,100,1,0,2026-03-10,18,임차권등기,N,Y,구로
2024-104949,서울북부지방법원,한양아파트,52,1705,17,19.77,10.0,4.29,3.432,3.535,82,3,1,2026-03-10,1357,없음,N,N,도봉
2025-12769,서울북부지방법원,길음뉴타운,412,301,3,25.6,13.43,9.71,9.71,10.766,111,7,0,2026-03-10,323,없음,N,N,성북
2025-12554,서울북부지방법원,휘경동일하이빌,106,제601,6,25.71,13.12,7.83,5.011,6.317,81,3,2,2026-03-10,2129,대항력임차인,N,N,동대문
2025-1272,서울서부지방법원,300-10,,1309,13,65.75,12.0,30.4,24.32,24.9,82,2,1,2026-03-10,2406,없음,N,N,용산
2025-102331,서울중앙지방법원,66,5,1508,15,42.72,24.51,38.3,38.3,40.529,106,1,0,2026-03-10,1925,없음,N,N,강남
2025-1405,서울북부지방법원,주공아파트,110,1406,14,25.65,11.95,8.19,6.552,8.839,108,13,1,2026-03-10,1604,대항력임차인,Y,N,동대문
2025-51523,서울서부지방법원,응암푸르지오,101,803,8,25.47,15.45,7.57,6.056,6.056,80,1,1,2026-03-10,745,임차권등기,N,N,은평
2025-9473,서울남부지방법원,영등포대성그랑그루,,제1120,11,3.66,1.2,1.59,0.814,1.3,82,1,3,2026-03-10,486,임차권등기 선순위임차권 선순위전세권,N,Y,영등포
2024-4896,서울북부지방법원,성일우리미아파트,,제407,4,25.7,14.32,7.51,4.806,6.27,83,9,2,2026-03-10,4428,없음,N,N,성북
2025-12601,서울북부지방법원,대아아파트,101,404,4,18.07,6.44,4.65,3.72,3.969,85,2,1,2026-03-10,595,없음,N,Y,노원
2024-65444,서울동부지방법원,다성이즈빌,,1306,13,5.42,1.4,1.48,1.184,1.4,95,1,1,2026-03-09,182,대항력임차인,N,Y,강동
2024-2412,서울동부지방법원,문정래미안아파트,125,303,3,36.59,15.03,15.85,15.85,19.13,121,16,0,2026-03-09,1066,대항력임차인 임차권등기,N,N,송파
2024-61084,서울동부지방법원,위례24단지,2420,1203,12,15.66,11.01,10.8,10.8,15,139,19,0,2026-03-09,960,없음,N,Y,송파
2024-62254,서울동부지방법원,동아하이빌아파트,104,603,6,18.14,7.05,6.56,6.56,7.88,120,11,0,2026-03-09,645,없음,N,Y,강동
2024-62193,서울동부지방법원,행당한진타운,113,2202,22,12.81,4.88,7.15,4.576,4.576,64,1,2,2026-03-09,2664,지분매각 대항력임차인,N,Y,성동
2025-11289,서울남부지방법원,로제리움2차,,제1716,17,4.25,0.72,1.17,0.936,1.136,97,1,1,2026-03-05,135,대항력임차인 선순위임차권,N,Y,구로
2024-124982,서울중앙지방법원,신림큐브,,508,5,3.74,1.27,1.31,1.048,1.149,88,1,1,2026-03-05,153,대항력임차인 임차권등기,N,Y,관악
2023-125441,서울남부지방법원,건영아파트,,제108,1,28.93,19.56,10.4,6.656,11.041,106,31,2,2026-03-05,1934,없음,Y,N,영등포
2025-12331,서울북부지방법원,에스아이팰리스장안센텀,,1703,17,4.2,0.91,2.3,1.84,1.84,80,1,1,2026-03-04,109,임차권등기,N,Y,동대문
2025-13393,서울북부지방법원,두산아파트,109,제1103,11,25.66,10.89,8.62,8.62,9.437,109,11,0,2026-03-04,589,없음,N,N,동대문
2025-13085,서울북부지방법원,우성2차아파트,102,308,3,25.68,10.48,5.29,4.232,4.311,82,1,1,2026-03-04,483,없음,N,N,도봉
2025-13130,서울북부지방법원,상계주공아파트,1303,803,8,17.55,12.06,5.07,4.056,4.381,86,3,1,2026-03-04,903,없음,Y,Y,노원
2025-51470,서울서부지방법원,조이팰리스아파트,,402,4,22.71,3.32,4.64,3.712,4.232,91,3,1,2026-03-03,335,대항력임차인 임차권등기,N,N,은평
2025-103123,서울중앙지방법원,서초자이,101,902,9,45.02,22.0,29.8,23.84,27.522,92,10,1,2026-03-03,3278,없음,N,N,서초
2025-51427,서울서부지방법원,라이프씨티아파트,101,609,6,17.94,8.29,4.14,3.312,3.657,88,2,1,2026-03-03,847,없음,N,Y,은평
2024-115079,서울북부지방법원,세진빌딩,,911,9,3.47,0.9,2.04,1.044,1.367,67,3,3,2026-02-26,470,없음,N,Y,동대문
2025-266,서울북부지방법원,코업스타클래스,,제101-2101,21,51.56,11.15,17,13.6,14.11,83,1,1,2026-02-26,433,별도등기,N,N,성북
2025-102620,서울중앙지방법원,삼성월드타워아파트,,902,9,25.47,9.32,18.7,14.96,17.55,94,9,1,2026-02-26,3810,없음,N,N,강남
2025-2903,서울북부지방법원,래미안장안2차아파트,218,1802,18,19.62,8.21,9.37,9.37,10.212,109,5,0,2026-02-26,347,없음,N,N,동대문
2025-11235,서울북부지방법원,중계무지개아파트,210,311,3,12.09,7.67,3.82,3.82,3.925,103,3,0,2026-02-26,126,대항력임차인,N,Y,노원
2024-106495,서울북부지방법원,서원아파트,114,1105,11,12.05,5.89,3.99,2.043,2.791,70,5,3,2026-02-26,3118,없음,N,Y,도봉
2025-11928,서울북부지방법원,휘경에스케이뷰,103,1604,16,25.5,11.69,11,11,14.101,128,16,0,2026-02-26,722,없음,N,N,동대문
2024-107945,서울남부지방법원,가산양우내안애애플,,제1003,10,3.64,0.87,1.22,0.976,0.979,80,1,1,2026-02-26,108,대항력임차인,N,Y,금천
2025-12638,서울북부지방법원,중계그린아파트,125,205,2,14.97,9.05,5.21,5.21,5.42,104,3,0,2026-02-26,166,없음,N,Y,노원
2025-5435,서울남부지방법원,가산양우내안애애플,,제902,9,3.64,0.87,1.11,0.888,0.979,88,1,1,2026-02-26,76,대항력임차인 선순위임차권,N,Y,금천
2025-9936,서울남부지방법원,로제리움2차,,제1817,18,4.25,0.72,1.16,0.928,0.928,80,1,1,2026-02-26,85,대항력임차인 선순위임차권,N,Y,구로
2025-10016,서울남부지방법원,벽산아파트,116,제1507,15,18.13,9.6,4.01,3.208,3.611,90,4,1,2026-02-26,910,없음,Y,Y,금천
2025-785,서울북부지방법원,2단지,,201-1801,18,25.56,4.39,8.2,6.56,7.131,87,2,1,2026-02-26,578,대항력임차인,N,N,중랑
2023-110115,서울중앙지방법원,"5,",,402,4,25.67,9.86,4.01,4.01,4.56,114,1,0,2026-02-25,259,대항력임차인,N,N,관악
2024-5982,서울중앙지방법원,한강아파트,1,307,3,25.57,11.85,27.1,27.1,30.101,111,6,0,2026-02-25,850,없음,N,N,서초
2025-11105,서울북부지방법원,공신아파트,101,1001,10,49.09,17.15,15.3,7.834,9.33,61,3,3,2026-02-24,2611,없음,N,N,성북
2024-107535,서울북부지방법원,신내 데시앙포레,207,402,4,25.69,20.65,6.97,6.97,7.041,101,1,0,2026-02-24,365,없음,N,N,중랑
2024-111657,서울북부지방법원,장안뉴씨티,,1001,10,5.33,1.24,1.14,0.912,0.927,81,1,1,2026-02-24,194,대항력임차인 임차권등기 선순위임차권,N,Y,동대문
2025-50069,서울서부지방법원,리츠아파트,,402,4,23.05,13.33,7.85,6.28,7.614,97,2,1,2026-02-24,1801,없음,N,N,마포
2024-103936,서울남부지방법원,에스엠케이아파트,,제1501,15,4.51,1.4,1.61,0.659,0.84,52,9,4,2026-02-24,1185,대항력임차인 HUG 임차권 인수조건변경 임차권등기,N,Y,강서
2025-12110,서울북부지방법원,정릉스카이쌍용아파트,101,803,8,18.12,5.99,5.64,4.512,5.78,102,8,1,2026-02-24,1542,없음,N,Y,성북
2025-12374,서울북부지방법원,써니빌가야아파트,,1003,10,34.69,7.56,7.02,5.616,6.24,89,1,1,2026-02-24,959,없음,N,N,동대문
2025-12263,서울북부지방법원,풍림아파트,110,1802,18,34.72,16.6,11,8.8,9.312,85,2,1,2026-02-24,890,없음,N,N,노원
2025-12295,서울북부지방법원,정릉중앙하이츠빌1단지아파트,104,301,3,25.71,11.85,7.54,6.032,6.818,90,3,1,2026-02-24,990,없음,N,N,성북
2025-12328,서울북부지방법원,창동2차현대아파트,206,1801,18,25.56,10.56,8.6,6.88,7.96,93,8,1,2026-02-24,1095,없음,N,N,도봉
2023-112523,서울북부지방법원,청구아파트,106,404,4,25.64,13.98,11.5,9.2,12.5,109,9,1,2026-02-24,742,대항력임차인 유치권,N,N,노원
2024-105850(4),서울북부지방법원,세진빌딩,,1407,14,4.39,1.14,2.9,1.485,1.562,54,2,3,2026-02-24,414,없음,N,Y,동대문
2024-114472,서울북부지방법원,우남푸르미아아파트,101,103,1,18.13,9.01,6.38,3.267,4.211,66,12,3,2026-02-24,1609,없음,N,Y,노원
2025-50995,서울동부지방법원,강동리버스트4단지,406,311,3,18.15,,8.3,8.3,11.556,139,8,0,2026-02-23,532,대항력임차인 임차권등기 대지권미등기,N,Y,강동
2025-9380,서울남부지방법원,월드메르디앙,101,제303,3,25.69,12.46,7.68,6.144,6.185,81,2,1,2026-02-11,1083,없음,N,N,강서
2025-9757,서울남부지방법원,올림푸스아파트,,제502,5,23.97,12.38,5.25,4.2,4.23,81,1,1,2026-02-11,905,없음,N,N,강서
2025-10010,서울남부지방법원,등촌동월드메르디앙아파트,101,제1003,10,18.09,7.79,7.2,5.76,7.658,106,17,1,2026-02-11,1666,없음,N,Y,강서
2025-779,서울중앙지방법원,삼성아파트,102,1001,10,25.71,9.11,8.32,6.656,6.9,83,1,1,2026-02-11,1620,없음,N,N,종로
2024-110495,서울중앙지방법원,대명벨리온,,307,3,5.35,2.94,1.75,0.15,0.212,12,2,11,2026-02-11,3954,대항력임차인,N,Y,강남
2025-10269,서울남부지방법원,한효아파트,3,제903,9,18.58,12.63,6.67,5.336,5.76,86,2,1,2026-02-10,596,없음,N,N,구로
2025-520,서울남부지방법원,빛여울아파트,,제803,8,22.65,10.92,3.72,2.381,3.229,87,10,2,2026-02-10,2680,없음,N,N,양천
2025-51449,서울동부지방법원,옥수삼성아파트,105,1209,12,25.66,11.17,17.5,17.5,21.67,124,10,0,2026-02-09,1162,없음,N,N,성동
2025-8702,서울남부지방법원,가산양우내안애애플,,제1708,17,3.64,0.87,1.12,0.717,0.717,64,1,2,2026-02-05,335,대항력임차인 HUG 임차권 인수조건변경,N,Y,금천
